-- Sample data seed template for Supabase
-- Replace the placeholder UUIDs below with actual auth.users IDs before running.
-- You must create the auth users first (Authentication > Users).

-- User ID mapping (replace with real UUIDs)
-- U001 -> 김철수
-- U002 -> 이영희
-- U003 -> 박민수

-- users
INSERT INTO public.users (user_id, name, join_date, group_id, role, status)
VALUES
  ('00000000-0000-0000-0000-000000000001', '김철수', '2020-03-01', 'G01', 'USER', 'ACTIVE'),
  ('00000000-0000-0000-0000-000000000002', '이영희', '2023-01-15', 'G01', 'USER', 'ACTIVE'),
  ('00000000-0000-0000-0000-000000000003', '박민수', '2015-06-01', 'G02', 'USER', 'ACTIVE');

-- leave_balances (amounts are stored as INTEGER * 10)
INSERT INTO public.leave_balances (user_id, year, total, used, remain, expire_at)
VALUES
  ('00000000-0000-0000-0000-000000000001', 2024, 170, 160, 10,  '2025-12-31'),
  ('00000000-0000-0000-0000-000000000001', 2025, 170, 45,  125, '2026-12-31'),
  ('00000000-0000-0000-0000-000000000002', 2025, 150, 85,  65,  '2026-12-31'),
  ('00000000-0000-0000-0000-000000000003', 2024, 200, 165, 35,  '2025-12-31'),
  ('00000000-0000-0000-0000-000000000003', 2025, 200, 20,  180, '2026-12-31');

-- leave_reservations
INSERT INTO public.leave_reservations
  (id, user_id, date, type, session, amount, status, created_at)
VALUES
  (1, '00000000-0000-0000-0000-000000000001', '2025-02-10', 'FULL', NULL, 10, 'RESERVED', '2025-01-20T09:00:00Z'),
  (2, '00000000-0000-0000-0000-000000000001', '2025-03-05', 'HALF', 'PM', 5, 'RESERVED', '2025-01-22T14:30:00Z'),
  (3, '00000000-0000-0000-0000-000000000002', '2025-02-14', 'FULL', NULL, 10, 'RESERVED', '2025-01-25T10:15:00Z'),
  (4, '00000000-0000-0000-0000-000000000003', '2025-03-20', 'HALF', 'AM', 5, 'RESERVED', '2025-01-26T11:00:00Z'),
  (5, '00000000-0000-0000-0000-000000000003', '2025-04-10', 'FULL', NULL, 10, 'RESERVED', '2025-01-27T08:45:00Z');

-- leave_history
INSERT INTO public.leave_history
  (id, user_id, date, type, session, amount, weekday, source_year, used_at)
VALUES
  (1,  '00000000-0000-0000-0000-000000000001', '2025-01-06', 'FULL', NULL, 10, 'MON', 2024, '2025-01-06T09:00:00Z'),
  (2,  '00000000-0000-0000-0000-000000000001', '2025-01-10', 'HALF', 'AM', 5,  'FRI', 2025, '2025-01-10T09:00:00Z'),
  (3,  '00000000-0000-0000-0000-000000000001', '2025-01-15', 'FULL', NULL, 10, 'WED', 2025, '2025-01-15T09:00:00Z'),
  (4,  '00000000-0000-0000-0000-000000000001', '2025-01-22', 'FULL', NULL, 10, 'WED', 2025, '2025-01-22T09:00:00Z'),
  (5,  '00000000-0000-0000-0000-000000000001', '2025-01-24', 'FULL', NULL, 10, 'FRI', 2025, '2025-01-24T09:00:00Z'),
  (6,  '00000000-0000-0000-0000-000000000002', '2025-01-03', 'FULL', NULL, 10, 'FRI', 2025, '2025-01-03T09:00:00Z'),
  (7,  '00000000-0000-0000-0000-000000000002', '2025-01-08', 'FULL', NULL, 10, 'WED', 2025, '2025-01-08T09:00:00Z'),
  (8,  '00000000-0000-0000-0000-000000000002', '2025-01-13', 'HALF', 'PM', 5,  'MON', 2025, '2025-01-13T09:00:00Z'),
  (9,  '00000000-0000-0000-0000-000000000002', '2025-01-17', 'FULL', NULL, 10, 'FRI', 2025, '2025-01-17T09:00:00Z'),
  (10, '00000000-0000-0000-0000-000000000002', '2025-01-20', 'FULL', NULL, 10, 'MON', 2025, '2025-01-20T09:00:00Z'),
  (11, '00000000-0000-0000-0000-000000000002', '2025-01-23', 'FULL', NULL, 10, 'THU', 2025, '2025-01-23T09:00:00Z'),
  (12, '00000000-0000-0000-0000-000000000002', '2025-01-27', 'FULL', NULL, 10, 'MON', 2025, '2025-01-27T09:00:00Z'),
  (13, '00000000-0000-0000-0000-000000000002', '2025-01-29', 'FULL', NULL, 10, 'WED', 2025, '2025-01-29T09:00:00Z'),
  (14, '00000000-0000-0000-0000-000000000002', '2025-01-31', 'FULL', NULL, 10, 'FRI', 2025, '2025-01-31T09:00:00Z'),
  (15, '00000000-0000-0000-0000-000000000003', '2025-01-09', 'HALF', 'PM', 5,  'THU', 2024, '2025-01-09T09:00:00Z'),
  (16, '00000000-0000-0000-0000-000000000003', '2025-01-14', 'HALF', 'AM', 5,  'TUE', 2024, '2025-01-14T09:00:00Z'),
  (17, '00000000-0000-0000-0000-000000000003', '2025-01-21', 'FULL', NULL, 10, 'TUE', 2024, '2025-01-21T09:00:00Z');
